time,id
2021-02-17 00:34:46.132641,IXjFv95i
2021-02-17 03:13:13.963474,pGj4VRYD
2021-02-17 03:14:21.161210,ddFHjW5F
2021-02-17 03:15:17.929841,jJELkjLL
2021-02-17 03:15:26.333338,U9DPlAzS
2021-02-17 03:15:35.810255,lffdqlbk
2021-02-17 03:15:48.521770,rHg0r8De
2021-02-17 03:16:09.594337,bPym6B52
2021-02-17 03:16:11.703398,ptze4kzF
2021-02-17 03:16:19.738027,xGzi5VK8
2021-02-17 03:16:53.923848,6eO32T4R
2021-02-17 03:17:24.941464,GUDwdRse
2021-02-17 17:21:16.297020,6XoP7Ot7
2021-02-17 17:22:12.776798,b7rH9pCf
2021-02-17 17:23:27.372000,xhf8B6sr
2021-02-17 17:25:08.524847,pOpT6rdD
2021-02-17 17:39:59.504097,WY5E2Wa3
2021-02-17 17:39:59.888115,rDPJtkwp
2021-02-17 17:40:00.175495,M1Njmi0G
2021-02-17 17:40:01.023496,08AI1jF9
2021-02-17 17:40:01.669794,xzPNu9hj
2021-02-17 18:40:10.476259,jwTRvT7d
2021-02-17 18:41:31.636982,va9M0AUF
2021-02-17 18:42:12.342367,t4whoVUS
2021-02-17 18:42:37.470992,KdNjqrar
2021-02-17 19:43:28.606046,h6e7bbMH
2021-02-17 19:43:29.128996,6Tg4jtvi
2021-02-17 19:43:52.021333,pOnyHqse
2021-02-17 19:44:18.040845,pKh8k0gc
2021-02-17 19:44:40.529009,zVpCcIyO
2021-02-17 19:45:04.959570,ppM0Lo5T
2021-02-17 19:45:29.837321,Yy7zu7y7
2021-02-17 19:45:52.878364,Ia5vSfX5
2021-02-17 19:46:18.175682,W29rREnC
2021-02-17 20:04:36.680311,fB78E7SP
2021-02-17 20:34:06.054250,EgcClK83
2021-02-17 20:34:24.791013,hpdGmvO9
2021-02-17 20:34:47.900828,z5kyARzs
2021-02-17 20:47:23.441221,4IzEej7T
2021-02-17 20:47:43.495790,z1NuiAFp
2021-02-17 20:48:20.985898,WYLxa9GP
2021-02-17 20:49:35.523577,b11Td1Ts
2021-02-17 21:27:35.267296,jev2ttq1
2021-02-17 22:47:25.470835,tQhczs1a
2021-02-17 22:47:51.187763,QTM1XvoI
2021-02-17 22:48:08.980132,YLMbvmb2
2021-02-17 22:48:33.044023,693iuBb2
2021-02-17 22:48:56.012505,YgQ9VIFU
2021-02-17 22:49:13.429129,x8jKkM0n
2021-02-17 22:52:07.273942,SdqXnKp5
2021-02-17 23:49:55.436190,AJ98TVqp
2021-02-17 23:49:55.968941,jw5LjoO5
2021-02-17 23:53:24.746378,z7hlhwrD
2021-02-18 00:07:16.136073,Yakkx3Wn
2021-02-18 00:07:16.887477,nwOcYKVB
2021-02-18 00:07:17.910390,0Um7n4Ue
2021-02-18 00:30:29.990757,pfLG25dQ
2021-02-18 00:46:23.647135,GrgCAQdl
2021-02-18 07:05:58.699122,jF0wW6Ll
2021-02-18 07:06:16.223693,vysYilr8
2021-02-18 07:06:36.165333,IRuxi8cE
2021-02-18 07:07:48.079839,Sf4DSkaj
2021-02-18 07:07:59.303479,GGp8lXL9
2021-02-18 07:08:15.225218,Kliajgic
2021-02-18 07:12:09.950284,6o3HR9Ed
2021-02-18 15:31:30.651729,08Ojt9Tk
2021-02-18 18:03:28.308738,M7tve0Ki
2021-02-18 18:03:47.576915,2sxhg0TK
2021-02-18 18:04:16.429399,6qx5BZvb
2021-02-18 18:04:41.137741,EFSP6BgT
2021-02-18 18:05:01.569811,QiVT2Adn
2021-02-18 18:05:25.778131,pUsIxRem
2021-02-18 18:05:43.299168,CGRRnb6l
2021-02-18 18:06:02.281382,EDaF0z0S
2021-02-18 18:06:14.974890,tOsKoV5S
2021-02-18 18:06:34.729663,fVNfuTrd
2021-02-18 19:41:40.273182,GtOt08t5
2021-02-18 19:41:41.220958,O84F2MJ0
2021-02-18 19:41:41.750165,6XgK1tZ6
2021-02-18 19:51:41.174433,SUzOpGdp
2021-02-18 19:51:57.636191,OQkWAPfN
2021-02-18 19:52:13.418096,CAxJ57ut
2021-02-18 19:52:24.038906,OOU4SRFk
2021-02-18 19:52:24.666598,U19VDS0d
2021-02-18 19:53:02.966626,neVYyssP
2021-02-18 20:02:56.844219,fXMpaSeB
2021-02-18 20:03:23.920375,xdCkbnBH
2021-02-18 20:03:24.377810,ny9hq3Lu
2021-02-18 20:05:10.097854,6JhExCwc
2021-02-18 22:20:08.705352,jBC5HCrq
2021-02-18 22:20:51.926906,2TS3HiRo
2021-02-18 22:21:20.493783,lpVFEkB4
2021-02-18 22:21:44.401509,bmlzjXl8
2021-02-18 22:22:17.350809,AF7nS8u4
2021-02-18 22:32:56.786901,SjIsTlQc
2021-02-18 23:32:55.768786,nBRhDAHU
2021-02-18 23:33:19.609932,CpBal9x9
2021-02-18 23:34:10.552515,hzeQZ9NF
2021-02-18 23:36:26.177629,80QkRSfA
2021-02-19 06:56:39.564449,r1Hc7U9E
2021-02-19 06:57:04.673732,vXh0wf52
2021-02-19 06:57:20.557808,Ic2rG3ES
2021-02-19 06:57:43.964476,xrqFAsxj
2021-02-19 06:57:59.692001,6yMPiaeU
2021-02-19 06:58:15.187836,tG75FQOA
2021-02-19 06:59:13.883480,GSU458vR
2021-02-19 06:59:56.248189,YgUeSTd1
2021-02-19 07:00:17.013131,tOa8fGT1
2021-02-19 07:00:33.061142,YLONEN8t
2021-02-19 07:01:17.477900,dr4GYbXf
2021-02-19 07:01:41.549552,UTmzgTI9
2021-02-19 07:02:04.902586,8noHCTuH
2021-02-19 18:50:35.322611,Y5bihHGN
2021-02-19 18:51:07.628616,KSLZMYKL
2021-02-19 18:51:08.230149,EqGsaPT7
2021-02-19 21:49:17.047031,hpEZ6pJO
2021-02-19 21:49:36.380072,MuncNjoF
2021-02-19 21:49:55.964903,YXAJnuqU
2021-02-19 21:50:37.100950,0Wp1MA0L
2021-02-19 22:02:49.578559,EFpo95ch
2021-02-19 22:03:13.800174,vRNU1Rqk
2021-02-19 22:03:49.801394,xWrcIxYL
2021-02-19 22:04:09.255300,Kbb3GQbr
2021-02-19 22:04:30.913976,YJ5219Oe
2021-02-19 22:07:44.268904,ELBavoRj
2021-02-19 23:21:27.116119,fHjGDOr1
2021-02-20 01:13:05.510917,OEcYLnyL
2021-02-20 01:13:08.139887,4nY6znjE
2021-02-20 01:13:34.310523,6HkAmak7
2021-02-20 01:14:02.046477,bm4cZ8Ud
2021-02-20 01:14:23.623988,xEX5VQTL
2021-02-20 01:14:51.156320,xv31YSq3
2021-02-20 01:15:11.738740,riY1W6EF
2021-02-20 01:16:56.815822,lIM6CoNq
2021-02-20 01:17:27.181590,ppGFAPid
2021-02-20 01:17:50.642532,GtxW40Ks
2021-02-20 01:18:12.681629,jHyAUpqS
2021-02-20 01:18:28.175389,dbExQ4iq
2021-02-20 01:18:44.841659,pKfXonE2
2021-02-20 01:19:10.288848,zkDtPO6k
2021-02-20 06:22:26.257931,rcXS6Qqh
2021-02-20 06:22:43.033071,rRSX7zIg
2021-02-20 06:23:10.020473,W4Y1rMQg
2021-02-20 06:23:33.142177,6VUr2b40
2021-02-20 06:23:56.068489,r1qsZCGh
2021-02-20 06:24:16.430660,Y3i2kLKf
2021-02-20 06:24:36.369666,EXk49tCQ
2021-02-20 06:24:55.666169,CAdY86Hp
2021-02-20 20:19:46.800034,hMFiLA8M
2021-02-20 20:20:32.530004,tQKl1dmH
2021-02-20 20:20:55.340936,bVAJ41JS
2021-02-20 20:21:34.811704,Cbrjt6JD
2021-02-20 20:21:54.326007,O4IlIPCl
2021-02-20 20:22:30.155943,MytbXGZk
2021-02-20 20:22:58.785441,0Sv2Wzkd
2021-02-20 20:23:45.144801,dItOy2je
2021-02-20 20:24:02.213376,xAqNvpPP
2021-02-21 05:42:51.355045,Sl3AUW82
2021-02-21 05:43:08.714201,6RMuFi9F
2021-02-21 05:44:35.525490,YJX98GvF
2021-02-21 05:44:53.295483,E3YZAXym
2021-02-21 05:45:13.026455,6ihVdJu3
2021-02-21 05:45:34.898401,IDfVRbtT
2021-02-21 05:45:56.410407,QwxvAiig
2021-02-21 05:46:12.130371,xby2Mx4j
2021-02-21 05:46:27.281728,r3rD8UUo
2021-02-21 08:26:26.623155,vctyDpli
2021-02-21 08:26:26.881559,Cj8yV3in
2021-02-21 08:26:42.742445,UqMXQREI
2021-02-21 08:27:01.058107,fJTf69jI
2021-02-21 08:27:22.094745,CAGz1ved
2021-02-21 08:27:41.351007,feNiLxHi
2021-02-21 08:27:58.775083,jXquC43c
2021-02-21 08:28:16.003790,tQCuUN6h
2021-02-21 08:28:32.012154,YaRW0Px6
2021-02-22 00:41:20.612784,lMlE732r
2021-02-22 00:42:33.660494,4p5XEE7O
2021-02-22 00:44:06.588847,xGbJ3QFM
2021-02-22 00:44:27.988838,8MP87EF4
2021-02-22 00:44:56.326681,n7wLfVWi
2021-02-22 00:45:16.534992,CfWa9zoh
2021-02-22 00:45:30.548820,tUxPgknb
2021-02-22 04:43:51.358716,AN5TFfhI
2021-02-22 07:48:34.889379,8MqWSnVD
2021-02-22 07:48:50.188062,xGMXhOJf
2021-02-22 07:49:04.176677,C24DrBza
2021-02-22 07:49:22.116056,dvfRWOq9
2021-02-22 07:50:05.908076,MmfDJxgg
2021-02-22 07:50:36.665167,IgCo5wv0
2021-02-22 07:51:15.756664,Y9bzfauS
2021-02-22 07:51:39.006613,jko2kJmq
2021-02-22 18:58:50.880684,CGoAtuCs
2021-02-22 18:59:18.333389,4tXJMIkC
2021-02-22 18:59:41.438143,b3WNLx5I
2021-02-22 19:01:16.334491,MoNiOcdD
2021-02-22 19:01:20.727246,MoNiOcdD
2021-02-22 20:17:17.023651,CGBk4cg6
2021-02-22 21:22:41.155535,UVfvK7gK
2021-02-22 21:23:20.203802,MwVGHQ88
2021-02-22 21:39:19.884971,ERzkmpUk
2021-02-22 21:40:07.607999,Wx2gF2Dr
2021-02-22 23:19:31.130411,EFEYSM91
2021-02-22 23:19:32.274712,OQLLVOPr
2021-02-23 00:44:22.916683,xfVRKdKO
2021-02-23 00:58:28.811995,CtVhsMeM
2021-02-23 05:19:18.280094,EoFtF0pQ
2021-02-23 05:20:45.091040,4Az4gszt
2021-02-23 05:21:06.156580,jkyoOwNt
2021-02-23 05:21:36.400782,KhFUT2fe
2021-02-23 05:21:57.239482,hvwJYitN
2021-02-23 05:22:09.039654,2yeTl4WK
2021-02-23 05:22:47.556995,8EePkpHE
2021-02-23 05:44:28.373068,dn8Kbee0
2021-02-23 05:44:47.443224,06XgichJ
2021-02-23 05:46:09.347143,p0hgyI45
2021-02-23 05:46:31.452636,As0tvKKn
2021-02-23 18:38:41.379431,SvWgn9Lq
2021-02-23 18:39:08.467457,hKhwFbem
2021-02-23 18:39:26.907830,dKqtb6Ke
2021-02-23 18:39:51.016694,zPuHhxng
2021-02-23 18:40:17.572699,INyZeLwl
2021-02-23 18:40:39.441844,2kz233oE
2021-02-23 18:40:57.421467,ttZ52N0K
2021-02-23 18:41:20.314355,O0xVd1Os
